"","ID","Description","GeneRatio","BgRatio","pvalue","p.adjust","qvalue","geneID","Count","GeneRatio_2","Rich_Factor"
"1","crg03040","Spliceosome","22/140","126/4426",2.4988422891184e-11,1.97408540840354e-09,1.89385941912132e-09,"105341528/105334510/105347056/105320956/105336187/105329185/105347185/105319620/105318988/105340745/105322652/105322560/105348084/105324894/105335725/105321607/105333111/105345480/105326740/105330153/105346945/105334527",22,"22 of 140",0.174603174603175
"2","crg03015","mRNA surveillance pathway","10/140","72/4426",7.28872323584742e-05,0.00287904567815973,0.00276204248937376,"105342117/105336239/105345158/105331061/105322560/105333799/105323966/105318324/105330886/105317918",10,"10 of 140",0.138888888888889
