"","ID","Description","GeneRatio","BgRatio","pvalue","p.adjust","qvalue","geneID","Count","GeneRatio_2","Rich_Factor"
"1","crg00190","Oxidative phosphorylation","8/103","84/4426",0.000661242710992179,0.0456257470584604,0.0431547874542264,"105341248/105319696/105338659/105333576/105318218/105336770/105333395/105318342",8,"8 of 103",0.0952380952380952
