"","category","over_represented_pvalue","under_represented_pvalue","numDEInCat","numInCat","term","ontology","moduleColor","Day"
"1","GO:0051276",0.00131068629792281,0.9997905832939,6,361,"chromosome organization","BP","pink","Day2_hightemp"
"2","GO:0007009",0.00637305979174978,0.999452469597012,3,43,"plasma membrane organization","BP","pink","Day2_hightemp"
"3","GO:0022618",0.00690209068009665,0.999377556428212,3,75,"ribonucleoprotein complex assembly","BP","pink","Day2_hightemp"
"4","GO:0022607",0.0123614012245274,0.997938594681482,4,211,"cellular component assembly","BP","pink","Day2_hightemp"
"5","GO:0007034",0.0127185181305286,0.99934195375404,2,24,"vacuolar transport","BP","pink","Day2_hightemp"
"6","GO:0034641",0.0128066189322552,0.993637009233947,19,2677,"cellular nitrogen compound metabolic process","BP","pink","Day2_hightemp"
"7","GO:0006629",0.0168532659195211,0.994864182958178,7,708,"lipid metabolic process","BP","pink","Day2_hightemp"
"8","GO:0044281",0.0225635651172316,0.991469281697217,9,1051,"small molecule metabolic process","BP","pink","Day2_hightemp"
"9","GO:0006605",0.0338970708481363,0.99695709518768,2,47,"protein targeting","BP","pink","Day2_hightemp"
"10","GO:0032991",0.000524431502747769,0.999772545390506,26,3519,"protein-containing complex","CC","pink","Day2_hightemp"
"11","GO:0005739",0.00376900875303691,0.999137068025531,7,350,"mitochondrion","CC","pink","Day2_hightemp"
"12","GO:0005737",0.0162509623418921,0.995083488206376,7,691,"cytoplasm","CC","pink","Day2_hightemp"
"13","GO:0005694",0.0210078355701708,0.994889519833503,5,311,"chromosome","CC","pink","Day2_hightemp"
"14","GO:0005634",0.0218989042906479,0.990831098949545,11,1230,"nucleus","CC","pink","Day2_hightemp"
"15","GO:0005654",0.0266958057064405,0.994393741113847,4,247,"nucleoplasm","CC","pink","Day2_hightemp"
"16","GO:0005840",0.0410403822115899,0.988136207956642,5,255,"ribosome","CC","pink","Day2_hightemp"
"17","GO:0008135",0.000422460206032557,0.999972937462696,4,66,"translation factor activity, RNA binding","MF","pink","Day2_hightemp"
"18","GO:0016301",0.00298518011661013,0.999050508787133,11,1507,"kinase activity","MF","pink","Day2_hightemp"
"19","GO:0016491",0.0131013345176504,0.994670273653364,12,1338,"oxidoreductase activity","MF","pink","Day2_hightemp"
"20","GO:0003924",0.0135981203009161,0.996036449452941,7,437,"GTPase activity","MF","pink","Day2_hightemp"
"21","GO:0043167",0.0347526236192963,0.97662859867338,43,9871,"ion binding","MF","pink","Day2_hightemp"
