"","Day","modColor","KEGGID_pathway","pathway.name","Num.genes.all","Num.genes.exp","Gene.IDs","Rich_factor","pvalue","log10_pvalue","qvalue"
"1","Day2","pink","crg03015","mRNA surveillance pathway",72,4,"105326211/105325000/105331297/105321021",0.0555555555555556,0.0035155421213783,2.45400769420919,0.0419398007462674
"2","Day2","pink","crg04144","Endocytosis",190,8,"105339682/105334326/105325532/105342944/105328967/105334480/105345381/105327336",0.0421052631578947,0.000205410185074379,3.68737802611393,0.00735152241318831
"3","Day2","pink","crg04120","Ubiquitin mediated proteolysis",165,6,"105320746/105321026/105318798/105335778/105329514/105343163",0.0363636363636364,0.00297180084392181,2.52698029830443,0.0419398007462674
