"","Day","modColor","KEGGID_pathway","pathway.name","Num.genes.all","Num.genes.exp","Gene.IDs","Rich_factor","pvalue","log10_pvalue","qvalue"
"1","Day2","black","crg03010","Ribosome",122,45,"105331157/105347733/105338035/105342603/105339104/105332844/105338614/105327279/105321548/105337746/105348430/105332215/105319282/105340582/105330605/105323475/105348656/105323486/105326463/105336480/105341326/105335873/105340032/105324627/105343260/105333469/105348494/105341101/105317506/105326418/105325638/105335803/105344646/105332495/105341412/105338085/105324073/105320386/105323167/105348141/105338952/105347800/105319797/105323603/105328963",0.368852459016393,2.45958284438684e-54,53.6091385448249,5.43697260338143e-53
"2","Day2","black","crg00190","Oxidative phosphorylation",84,13,"105343615/105347858/105323542/105341238/105343349/105322557/105341417/105329407/105347217/105319312/105321030/105342170/105318424",0.154761904761905,6.3655659950097e-10,9.19616297495123,7.03562557343177e-09
"3","Day2","black","crg03040","Spliceosome",137,8,"105347083/105323611/105321607/105320915/105337940/105330935/105346162/105322958",0.0583941605839416,0.00179242230778155,2.74655965966742,0.013207322267864
