"","Day","modColor","KEGGID_pathway","pathway.name","Num.genes.all","Num.genes.exp","Gene.IDs","Rich_factor","pvalue","log10_pvalue","qvalue"
"1","Day2","turquoise","crg03060","Protein export",30,4,"105330866/105329775/105348945/105340191",0.133333333333333,0.00119923357432811,2.92109622126942,0.0422164511822122
"2","Day2","turquoise","crg04070","Phosphatidylinositol signaling system",114,7,"105342224/105339773/105327997/105338369/105338360/105321301/105327998",0.0614035087719298,0.00209296427959272,2.67923818365756,0.0425936590232905
"3","Day2","turquoise","crg03040","Spliceosome",137,8,"105339081/105322958/105331507/105327851/105348755/105335780/105325235/105348805",0.0583941605839416,0.00138295271114143,2.85919266995682,0.0422164511822122
