"","Day","modColor","KEGGID_pathway","pathway.name","Num.genes.all","Num.genes.exp","Gene.IDs","Rich_factor","pvalue","log10_pvalue","qvalue"
"1","Day2","blue","crg00480","Glutathione metabolism",78,7,"105345880/105330227/105320554/105320326/105343429/105330981/105331625",0.0897435897435897,2.73618547658749e-05,4.56285446662727,0.000422428634981928
"2","Day2","blue","crg04142","Lysosome",195,17,"105345949/105320698/105345948/105333177/105339566/105341596/105340686/105340689/105335927/105340688/105337411/105346019/105337691/105331028/105347059/105321566/105338718",0.0871794871794872,2.43719101352883e-11,10.613110431886,1.12880425889756e-09
"3","Day2","blue","crg04145","Phagosome",140,10,"105345949/105341596/105337411/105343071/105319124/105345691/105328999/105321566/105338718/105317754",0.0714285714285714,3.52911952313843e-06,5.45233363283854,8.17269784305742e-05
"4","Day2","blue","crg00190","Oxidative phosphorylation",84,5,"105324755/105319124/105345691/105328999/105321566",0.0595238095238095,0.00273509631963174,2.56302737487059,0.031669536332578
