"","Day","modColor","KEGGID_pathway","pathway.name","Num.genes.all","Num.genes.exp","Gene.IDs","Rich_factor","pvalue","log10_pvalue","qvalue"
"1","Day2","brown","crg03040","Spliceosome",137,16,"105322652/105347185/105336187/105319620/105326740/105318988/105345480/105334527/105330153/105335725/105348084/105333111/105347056/105346945/105340745/105324894",0.116788321167883,1.70365256623233e-08,7.76861896822706,1.09392427937023e-06
"2","Day2","brown","crg04814","Motor proteins",147,14,"105327226/105337636/105329886/105338907/105336357/105330782/105347347/105327708/105321599/105344718/105326705/105329829/105324771/105329786",0.0952380952380952,1.85068727462527e-06,5.73266696124645,5.94168019748113e-05
