"sal","OA","temp","Salinity","pCO2","Temperature","pH","HCO3","CO3","TA","Aragonite.Sat"
"H","H","H","27.6 ± 0.0686 (18)","1860 ± 27.1 (18)","27.1 ± 0.0743 (18)","7.41 ± 0.00543 (18)","1850 ± 11.9 (18)","47.1  ±  0.74 (18)","1970 ± 12.8 (18)","0.784 ± 0.0124 (18)"
"L","H","H","17.4 ± 0.0653 (16)","1820 ± 36.1 (16)","27.1 ± 0.0732 (16)","7.28 ± 0.0116 (16)","1230 ± 9.59 (16)","17.3  ±  0.65 (16)","1270 ± 10.9 (16)","0.298 ± 0.0109 (16)"
"H","L","H","27.6 ± 0.0558 (18)","673 ± 5.69 (18)","27.1 ± 0.061 (18)","7.8 ± 0.00582 (18)","1670 ± 15.5 (18)","105  ±  2.08 (18)","1930 ± 19.7 (18)","1.76 ± 0.0345 (18)"
"L","L","H","17.4 ± 0.0547 (18)","715 ± 6.86 (18)","27 ± 0.0741 (18)","7.66 ± 0.00524 (18)","1160 ± 5.45 (18)","39  ±  0.645 (18)","1260 ± 6.79 (18)","0.669 ± 0.0109 (18)"
"H","H","L","27.4 ± 0.0508 (18)","1850 ± 16.1 (18)","23.1 ± 0.0846 (18)","7.4 ± 0.00397 (18)","1880 ± 4.76 (18)","40.5  ±  0.407 (18)","1980 ± 5.43 (18)","0.661 ± 0.00631 (18)"
"L","H","L","17.2 ± 0.0506 (14)","1870 ± 20 (14)","23 ± 0.0929 (14)","7.26 ± 0.00549 (14)","1220 ± 7.64 (14)","13.9  ±  0.246 (14)","1260 ± 8.14 (14)","0.232 ± 0.00434 (14)"
"H","L","L","27.3 ± 0.0438 (18)","676 ± 4.03 (18)","23.1 ± 0.0615 (18)","7.8 ± 0.0029 (18)","1710 ± 8.82 (18)","92.5  ±  1.02 (18)","1940 ± 10.8 (18)","1.51 ± 0.0167 (18)"
"L","L","L","17.3 ± 0.047 (18)","732 ± 7 (18)","23 ± 0.0781 (18)","7.65 ± 0.00428 (18)","1170 ± 6.41 (18)","32.7  ±  0.444 (18)","1260 ± 7.25 (18)","0.546 ± 0.00706 (18)"
