"Temp_OA_Sal","meanTemperature","sdTemperature","meanSalinity","sdSalinity","meanpH","sdpH","meanpCO2","sdpCO2","meanTotalAlkalinity","sdTotalAlkalinity","meanCalcite","sdCalcite","meanAragonite","sdAragonite","n","Temperature","pCO2","Salinity"
"H_H_H",27.0533333333333,0.299682371536137,27.5133333333333,0.294707280114322,7.4115240948,0.0211911171271151,1825.00666666667,82.2294550690468,1957.722,45.9971038218712,1.20933333333333,0.0846392906622541,0.784,0.0562900650965286,15,"High","High","High"
"H_H_L",27.0357142857143,0.273459722409388,17.3435714285714,0.258504787721089,7.28155336857143,0.0493076210383195,1817.94642857143,153.638249024085,1269.745,46.846345354541,0.482857142857143,0.0765032499489221,0.297142857142857,0.0464805288313242,14,"High","High","Low"
"H_L_H",27.0473333333333,0.250498550513818,27.522,0.240035711628797,7.80938647633333,0.0172724784600569,672.339333333333,25.81086965565,1963.47466666667,31.0180905433004,2.77866666666667,0.133034188230301,1.804,0.088382286525234,15,"High","Low","High"
"H_L_L",26.9933333333333,0.27115274205475,17.3533333333333,0.221703362519338,7.6590044498,0.022527507953069,720.206666666667,27.8431847692616,1259.948,30.2548209145489,1.08466666666667,0.077447370762959,0.664666666666667,0.0470359538266309,15,"High","Low","Low"
"L_H_H",23.0666666666667,0.369684550213647,27.3373333333333,0.226446671951908,7.40635841366667,0.0171845947374346,1840.77733333333,68.9795755968664,1978.058,25.2825154715948,1.03333333333333,0.0454606056566196,0.663333333333333,0.0287020822207993,15,"Low","High","High"
"L_H_L",22.9615384615385,0.340437124734416,17.2369230769231,0.193966690241075,7.25475469330769,0.0204798825829373,1871.66923076923,77.4686681247693,1255.14615384615,28.2229143128007,0.376923076923077,0.0246253986040888,0.23,0.0147196014438797,13,"Low","High","Low"
"L_L_H",23.1,0.272554057547698,27.2513333333333,0.155235612016364,7.80293756573333,0.0117658011935554,674.562666666667,17.8199641119835,1943.39466666667,47.9092421544061,2.35066666666667,0.108395220418263,1.508,0.0710331914369212,15,"Low","Low","High"
"L_L_L",22.98,0.318926771711448,17.2593333333333,0.21825498412462,7.64780550973333,0.0178761367393233,727.858,30.604064902745,1255.76133333333,30.5613303437686,0.898,0.0484325746343748,0.545333333333333,0.0297289341182883,15,"Low","Low","Low"
