"","Day","modColor","KEGGID_pathway","pathway.name","Num.genes.all","Num.genes.exp","Gene.IDs","Rich_factor","pvalue","log10_pvalue","qvalue"
"1","Day2","tan","crg00790","Folate biosynthesis",34,2,"105330143/105343048",0.0588235294117647,0.00742831479764705,2.12910969998017,0.0312771149374613
"2","Day2","tan","crg03082","ATP-dependent chromatin remodeling",91,4,"105340654/105335713/105326476/105323174",0.043956043956044,0.000344989023823223,3.4621947222277,0.0021788780451993
"3","Day2","tan","crg04814","Motor proteins",147,5,"105335713/105335489/105329786/105339571/105348570",0.0340136054421769,0.000184114151989395,3.73491282803762,0.0021788780451993
