"","Day","modColor","KEGGID_pathway","pathway.name","Num.genes.all","Num.genes.exp","Gene.IDs","Rich_factor","pvalue","log10_pvalue","qvalue"
"1","Day2","red","crg03060","Protein export",30,4,"105324820/105325007/105317754/105348945",0.133333333333333,0.000247110148688791,3.60710941797699,0.00364162324383482
"2","Day2","red","crg04144","Endocytosis",190,11,"105321025/105320076/105331606/105325264/105323904/105327336/105343266/105321861/105347620/105330715/105342463",0.0578947368421053,3.06711786497631e-06,5.51326953437772,9.03992633887754e-05
