"","Day","modColor","KEGGID_pathway","pathway.name","Num.genes.all","Num.genes.exp","Gene.IDs","Rich_factor","pvalue","log10_pvalue","qvalue"
"1","Day2","salmon","crg03050","Proteasome",42,15,"105328653/105341348/105342563/105332983/105330688/105328897/105319167/105322442/105336919/105346718/105338413/105338316/105345779/105337862/105318105",0.357142857142857,6.92459021544954e-13,12.1596059222541,4.95654878579546e-11
"2","Day2","salmon","crg03015","mRNA surveillance pathway",72,10,"105331061/105337940/105320707/105321021/105323009/105322560/105334534/105334335/105348755/105347084",0.138888888888889,7.11426456136297e-05,4.14786998854528,0.00254615784301411
"3","Day2","salmon","crg00190","Oxidative phosphorylation",84,9,"105336770/105328999/105342980/105329817/105339285/105332665/105318400/105318076/105319312",0.107142857142857,0.00117342346885939,2.93054522999884,0.0279974722394522
