"","Day","modColor","KEGGID_pathway","pathway.name","Num.genes.all","Num.genes.exp","Gene.IDs","Rich_factor","pvalue","log10_pvalue","qvalue"
"1","Day2","green","crg03010","Ribosome",122,39,"105319282/105319573/105347800/105326463/105333469/105335875/105319797/105344033/105324627/105337746/105342603/105325638/105340582/105341412/105328963/105317506/105344646/105348141/105330605/105346731/105320864/105339104/105347828/105326418/105319364/105332844/105331157/105321548/105347132/105342397/105336480/105335841/105337115/105335873/105332215/105319021/105338085/105338614/105344628",0.319672131147541,4.92196911991965e-39,38.307861115357,2.38326925806635e-37
"2","Day2","green","crg00190","Oxidative phosphorylation",84,7,"105328413/105347217/105319124/105344150/105332292/105329407/105343615",0.0833333333333333,0.00143297157430923,2.84376242456643,0.0346929960095919
