"","ID","Description","GeneRatio","BgRatio","pvalue","p.adjust","qvalue","geneID","Count","GeneRatio_18","Rich_Factor"
"1","crg03010","Ribosome","11/95","120/4431",4.14154931058929e-05,0.00172554913881858,0.00160445797118219,"105342397/105331823/105347132/105348430/105321315/105348656/105341326/105344033/105348141/105332844/105348494",11,"11 of 95",0.0916666666666667
"2","crg00500","Starch and sucrose metabolism","6/95","33/4431",5.7518304627286e-05,0.00172554913881858,0.00160445797118219,"105348751/105345011/105346675/105342880/105342874/105342295",6,"6 of 95",0.181818181818182
"3","crg00190","Oxidative phosphorylation","8/95","84/4431",0.000379440318398066,0.00758880636796131,0.00705625855266578,"105322557/105341238/105336649/105344113/105341417/105342170/105333576/105323542",8,"8 of 95",0.0952380952380952
