"","ID","Description","GeneRatio","BgRatio","pvalue","p.adjust","qvalue","geneID","Count","GeneRatio_18","Rich_Factor"
"1","crg03060","Protein export","4/66","24/4431",0.000381362196003928,0.0107154004319885,0.00999762241262088,"105325007/105324820/105317754/105348945",4,"4 of 66",0.166666666666667
"2","crg04144","Endocytosis","10/66","193/4431",0.000487063655999479,0.0107154004319885,0.00999762241262088,"105321861/105321025/105333773/105343266/105325264/105342463/105320043/105330715/105347007/105323313",10,"10 of 66",0.0518134715025907
