"","ID","Description","GeneRatio","BgRatio","pvalue","p.adjust","qvalue","geneID","Count","GeneRatio_18","Rich_Factor"
"1","crg04144","Endocytosis","11/75","193/4426",0.000344581401474839,0.00812456810382309,0.00730063886094501,"105321861/105327336/105331606/105321025/105320076/105343266/105325264/105342463/105323904/105330715/105347620",11,"11 of 75",0.0569948186528497
"2","crg00410","beta-Alanine metabolism","5/75","38/4426",0.000396320395308443,0.00812456810382309,0.00730063886094501,"105324334/105317679/105346080/105339316/105332278",5,"5 of 75",0.131578947368421
"3","crg03060","Protein export","4/75","24/4426",0.000625119057906444,0.00854329379138807,0.00767690071113177,"105325007/105324820/105317754/105348945",4,"4 of 75",0.166666666666667
