"","ID","Description","GeneRatio","BgRatio","pvalue","p.adjust","qvalue","geneID","Count","GeneRatio_18","Rich_Factor"
"1","crg03010","Ribosome","52/129","120/4426",1.19892172261149e-51,6.59406947436322e-50,6.18391204294349e-50,"105324073/105319364/105340032/105338870/105341412/105331157/105326418/105344033/105328963/105338604/105348141/105324627/105347828/105347733/105347800/105343260/105325638/105336313/105319021/105341326/105346731/105326463/105337115/105321548/105333469/105319282/105338085/105340582/105336480/105342397/105319797/105319573/105339104/105332215/105338614/105332191/105332495/105342603/105344646/105317506/105348430/105320864/105335873/105332844/105347132/105337746/105330130/105335875/105344628/105335841/105330605/105338035",52,"52 of 129",0.433333333333333
