"","GO_terms","X","over_represented_pvalue","under_represented_pvalue","numDEInCat","numInCat","term","ontology","moduleColor","Day","slim_term","Gene_IDs"
"1","GO:0006397",6,0.00592426189089946,0.998722653957835,6,186,"mRNA processing","BP","red","Day2","mRNA metabolic process","XM_022458865.1;XM_022478071.1;XM_022480101.1;XM_022480783.1;XM_022481121.1;XM_022488765.1"
"2","GO:0006464",3,0.000803235476504957,0.999599365415287,33,3119,"cellular protein modification process","BP","red","Day2","protein modification process","XM_022430478.1;XM_022430479.1;XM_022441565.1;XM_022442202.1;XM_022443470.1;XM_022444663.1;XM_022446101.1;XM_022446622.1;XM_022455537.1;XM_022458005.1;XM_022460052.1;XM_022460192.1;XM_022460831.1;XM_022461252.1;XM_022462542.1;XM_022464854.1;XM_022467483.1;XM_022468237.1;XM_022469526.1;XM_022469527.1;XM_022472915.1;XM_022472998.1;XM_022473298.1;XM_022473966.1;XM_022475041.1;XM_022475127.1;XM_022476783.1;XM_022477362.1;XM_022480783.1;XM_022481206.1;XM_022483216.1;XM_022487602.1;XR_002638695.1"
"3","GO:0006605",12,0.0171286521234962,0.997870049500056,3,47,"protein targeting","BP","red","Day2","intracellular protein transport","XM_022473644.1;XM_022488269.1;XM_022490152.1"
"4","GO:0022618",7,0.00622412399410088,0.999161052256212,4,75,"ribonucleoprotein complex assembly","BP","red","Day2","protein-containing complex assembly","XM_022458344.1;XM_022480101.1;XM_022482319.1;XM_022486964.1"
