"","Df","SumOfSqs","R2","F","Pr(>F)"
"OA",1,224.957571974001,0.00256983587336044,0.32001658347456,0.573
"Temp",1,63044.376451206,0.720196696631636,89.6846715678928,0.001
"Salinity",1,11759.8374262666,0.134340230549782,16.729123462468,0.007
"OA:Temp",1,179.698557329495,0.00205281287028571,0.255632730506793,0.628
"OA:Salinity",1,529.954512533397,0.00605401323283737,0.753894305533595,0.441
"Temp:Salinity",1,4769.33520277242,0.0544832013815558,6.78468541264559,0.027
"Residual",10,7029.55982879195,0.0803032094605414,NA,NA
"Total",16,87537.7195508738,1,NA,NA
