"","Df","SumOfSqs","R2","F","Pr(>F)"
"OA",1,89.5600137459073,0.395805457029178,108.425134375209,0.001
"Temp",1,15.3656636080615,0.0679076884043391,18.6023211898453,0.001
"Salinity",1,99.4749224050606,0.439623839687902,120.428541461954,0.001
"OA:Temp",1,1.12594691254785,0.00497605922187521,1.36311887622875,0.271
"OA:Salinity",1,4.85381246799599,0.021451151935725,5.87623032939275,0.024
"Temp:Salinity",1,1.73910858263088,0.00768589282851731,2.10543828521296,0.163
"OA:Temp:Salinity",1,0.937218386389617,0.00414198408693348,1.13463615326717,0.292
"Residual",16,13.2161258382738,0.0584079268055289,NA,NA
"Total",23,226.272811946868,1,NA,NA
