"","Df","SumOfSqs","R2","F","Pr(>F)"
"OA",1,2172.04486170522,0.26824023030611,19.4257624754027,0.002
"Temp",1,503.040140303654,0.0621237643233277,4.49895785000515,0.043
"Salinity",1,2135.64387676779,0.263744831175486,19.1002089383961,0.001
"OA:Temp",1,644.841735097649,0.0796357840407533,5.76716558717816,0.028
"OA:Salinity",1,49.9904518152816,0.00617365255407763,0.447091429888486,0.515
"Temp:Salinity",1,486.426497683873,0.0600720353737448,4.3503731310276,0.049
"OA:Temp:Salinity",1,316.397615068087,0.0390740406105322,2.82971361524793,0.115
"Residual",16,1789.00147838666,0.220935661615969,NA,NA
"Total",23,8097.38665682821,1,NA,NA
