"Treatment","numDF","denDF","F-value","p-value"
"(Intercept)",1,1176,151157.165151487,0
"OA",1,16,108.424620158269,1.56026684905441e-08
"Temp",1,16,18.6022329664944,0.000535911589216065
"Salinity",1,16,120.427970317666,7.42615813287273e-09
"OA:Temp",1,16,1.36311241150236,0.260103835918017
"OA:Salinity",1,16,5.87620246078842,0.027563811891713
"Temp:Salinity",1,16,2.10542829996324,0.166100759381237
"OA:Temp:Salinity",1,16,1.13463077214278,0.302601065373689
