"Treatment","numDF","denDF","F-value","p-value"
"(Intercept)",1,378,10701.7113442644,0
"OA",1,16,30.0373328391407,5.03270597149719e-05
"Salinity",1,16,13.7293708433711,0.00192068044071192
"Temp",1,16,1.67504290423034,0.213953766663794
"OA:Salinity",1,16,0.636712877673847,0.436587151688426
"OA:Temp",1,16,10.4178770857666,0.005262463084027
"Salinity:Temp",1,16,0.325846679651709,0.576045298728332
"OA:Salinity:Temp",1,16,2.81075661483143,0.113060423440642
