"Treatment","numDF","denDF","F-value","p-value"
"(Intercept)",1,1659,2279.76644914051,0
"OA",1,16,18.3170730639889,0.000574291633022694
"Salinity",1,16,18.4015537112034,0.000562607128813175
"Temp",1,16,4.54135987578699,0.0489430893103812
"OA:Salinity",1,16,0.489573349591647,0.494165794536031
"OA:Temp",1,16,5.52158015960841,0.0319481037314606
"Salinity:Temp",1,16,4.2859376126246,0.0549696359940202
"OA:Salinity:Temp",1,16,2.78119096582343,0.114826973559478
