"","Df","SumOfSqs","R2","F","Pr(>F)"
"OA",1,0.0120464905958211,0.0272379022781885,0.836958788384188,0.395
"Temp",1,0.0120965439819411,0.0273510762543755,0.84043636727476,0.377
"Salinity",1,0.170118692473318,0.384649478154977,11.8194036347285,0.006
"OA:Temp",1,0.00204585222237749,0.00462580553776081,0.142140483457328,0.698
"OA:Salinity",1,0.00766262644099869,0.0173256990103481,0.532379325819891,0.508
"Temp:Salinity",1,0.00226436552561834,0.00511987839265709,0.157322218591852,0.676
"OA:Temp:Salinity",1,0.00574409599895023,0.0129877763363061,0.39908482801718,0.535
"Residual",16,0.230290729015755,0.520702384035386,NA,NA
"Total",23,0.44226939625478,1,NA,NA
