"","Df","SumOfSqs","R2","F","Pr(>F)"
"OA",1,0.0361401469518707,0.104481139704068,3.90164239934305,0.07
"Temp",1,0.0264024578960484,0.0763294874157955,2.85037438589496,0.116
"Salinity",1,0.116455666685456,0.33667325139816,12.5723995364169,0.002
"OA:Temp",1,0.00028146792194586,0.000813723566597646,0.0303869040649295,0.874
"OA:Salinity",1,0.00561563446808952,0.0162347953418345,0.606256459584655,0.476
"Temp:Salinity",1,0.0100046648803693,0.028923479211369,1.0800903698718,0.306
"OA:Temp:Salinity",1,0.00279626037290084,0.00808398679338743,0.30188056636964,0.601
"Residual",16,0.148204856325965,0.428460136568788,NA,NA
"Total",23,0.345901155502646,1,NA,NA
