"","Df","SumOfSqs","R2","F","Pr(>F)"
"OA",1,0.0132563448397005,0.132894838474512,3.9315089785981,0.055
"Temp",1,0.00311183043339574,0.031196095741844,0.922893107919975,0.37
"Salinity",1,0.00463743638087044,0.0464902932312015,1.37535067090797,0.273
"OA:Temp",1,0.00114161226919834,0.0114446614017821,0.338574391410627,0.576
"OA:Salinity",1,0.000137879218101874,0.00138223896860052,0.0408916175977999,0.825
"Temp:Salinity",1,0.00512396935333489,0.0513677855995765,1.51964449946768,0.288
"OA:Temp:Salinity",1,0.0183924276284195,0.184384061246869,5.45474602793906,0.024
"Residual",16,0.0539491372370819,0.540840025335614,NA,NA
"Total",23,0.0997506373601032,1,NA,NA
