"","Df","SumOfSqs","R2","F","Pr(>F)"
"OA",1,0.0283721078976452,0.156106964125502,10.2755433616901,0.007
"Temp",1,0.0627341618858996,0.345171377265852,22.7204690974459,0.001
"Salinity",1,0.00454769091811155,0.0250219767092607,1.64703995181472,0.221
"OA:Temp",1,0.0068656606911294,0.0377757426792021,2.48654045701718,0.143
"OA:Salinity",1,0.0207856023471136,0.114365040892754,7.52793408889934,0.022
"Temp:Salinity",1,0.00571559209304985,0.0314479182528341,2.07001942195283,0.168
"OA:Temp:Salinity",1,0.00854897698589963,0.0470375640915399,3.09618813073783,0.106
"Residual",16,0.0441780751035299,0.243073415983056,NA,NA
"Total",23,0.181747867922379,1,NA,NA
