"","Df","SumOfSqs","R2","F","Pr(>F)"
"OA",1,0.0352666666666667,0.0342949756888168,1.03725490196078,0.327
"Temp",1,0.120416666666667,0.11709886547812,3.54166666666666,0.096
"Salinity",1,0.2646,0.257309562398704,7.78235294117647,0.01
"OA:Temp",1,0.0368166666666668,0.0358022690437602,1.0828431372549,0.336
"OA:Salinity",1,0.0215999999999999,0.0210048622366288,0.635294117647056,0.446
"Temp:Salinity",1,0.000816666666666688,0.000794165316045401,0.0240196078431379,0.881
"OA:Temp:Salinity",1,0.00481666666666652,0.00468395461912466,0.141666666666662,0.71
"Residual",16,0.544,0.529011345218801,NA,NA
"Total",23,1.02833333333333,1,NA,NA
