"","Df","SumOfSqs","R2","F","Pr(>F)"
"OA",1,0.0145041666666667,0.0139213827800374,0.425654194179506,0.523
"Temp",1,0.00260416666666664,0.00249953008834337,0.0764245536806058,0.789
"Salinity",1,0.4455375,0.427635604506353,13.0752017608217,0.004
"OA:Temp",1,0.00453750000000003,0.00435518122592955,0.13316214233309,0.726
"OA:Salinity",1,0.00120416666666667,0.00115578271284999,0.0353387136219126,0.85
"Temp:Salinity",1,0.00843750000000004,0.00809847748623263,0.247615553925166,0.66
"OA:Temp:Salinity",1,0.0198375,0.0190404204009646,0.582171680117388,0.455
"Residual",16,0.5452,0.52329362079929,NA,NA
"Total",23,1.0418625,1,NA,NA
