"","ID","Description","GeneRatio","BgRatio","pvalue","p.adjust","qvalue","geneID","Count","GeneRatio_18","Rich_Factor"
"1","crg00790","Folate biosynthesis","2/10","34/4433",0.002472667614187,0.0293316050819001,0.0205835825136141,"105330143/105343048",2,"2 of 10",0.0588235294117647
"2","crg04512","ECM-receptor interaction","2/10","48/4433",0.00488860084698335,0.0293316050819001,0.0205835825136141,"105325218/105325221",2,"2 of 10",0.0416666666666667
